reg_name,reg_addr
HCAN0_MCR_B,0xFFFFE400
HCAN0_GSR_B,0xFFFFE401
HCAN0_BCR_W,0xFFFFE402
HCAN0_MBCR_W,0xFFFFE404
HCAN0_TXPR_W,0xFFFFE406
HCAN0_TXCR_W,0xFFFFE408
HCAN0_TXACK_W,0xFFFFE40A
HCAN0_ABACK_W,0xFFFFE40C
HCAN0_RXPR_W,0xFFFFE40E
HCAN0_RFPR_W,0xFFFFE410
HCAN0_IRR_W,0xFFFFE412
HCAN0_MBIMR_W,0xFFFFE414
HCAN0_IMR_W,0xFFFFE416
HCAN0_REC_B,0xFFFFE418
HCAN0_TEC_B,0xFFFFE419
HCAN0_UMSR_W,0xFFFFE41A
HCAN0_LAFML_W,0xFFFFE41C
HCAN0_LAFMH_W,0xFFFFE41E
HCAN0_MC0[1]_B,0xFFFFE420
HCAN0_MC0[2]_B,0xFFFFE421
HCAN0_MC0[3]_B,0xFFFFE422
HCAN0_MC0[4]_B,0xFFFFE423
HCAN0_MC0[5]_B,0xFFFFE424
HCAN0_MC0[6]_B,0xFFFFE425
HCAN0_MC0[7]_B,0xFFFFE426
HCAN0_MC0[8]_B,0xFFFFE427
HCAN0_MC1[1]_B,0xFFFFE428
HCAN0_MC1[2]_B,0xFFFFE429
HCAN0_MC1[3]_B,0xFFFFE42A
HCAN0_MC1[4]_B,0xFFFFE42B
HCAN0_MC1[5]_B,0xFFFFE42C
HCAN0_MC1[6]_B,0xFFFFE42D
HCAN0_MC1[7]_B,0xFFFFE42E
HCAN0_MC1[8]_B,0xFFFFE42F
HCAN0_MC2[1]_B,0xFFFFE430
HCAN0_MC2[2]_B,0xFFFFE431
HCAN0_MC2[3]_B,0xFFFFE432
HCAN0_MC2[4]_B,0xFFFFE433
HCAN0_MC2[5]_B,0xFFFFE434
HCAN0_MC2[6]_B,0xFFFFE435
HCAN0_MC2[7]_B,0xFFFFE436
HCAN0_MC2[8]_B,0xFFFFE437
HCAN0_MC3[1]_B,0xFFFFE438
HCAN0_MC3[2]_B,0xFFFFE439
HCAN0_MC3[3]_B,0xFFFFE43A
HCAN0_MC3[4]_B,0xFFFFE43B
HCAN0_MC3[5]_B,0xFFFFE43C
HCAN0_MC3[6]_B,0xFFFFE43D
HCAN0_MC3[7]_B,0xFFFFE43E
HCAN0_MC3[8]_B,0xFFFFE43F
HCAN0_MC4[1]_B,0xFFFFE440
HCAN0_MC4[2]_B,0xFFFFE441
HCAN0_MC4[3]_B,0xFFFFE442
HCAN0_MC4[4]_B,0xFFFFE443
HCAN0_MC4[5]_B,0xFFFFE444
HCAN0_MC4[6]_B,0xFFFFE445
HCAN0_MC4[7]_B,0xFFFFE446
HCAN0_MC4[8]_B,0xFFFFE447
HCAN0_MC5[1]_B,0xFFFFE448
HCAN0_MC5[2]_B,0xFFFFE449
HCAN0_MC5[3]_B,0xFFFFE44A
HCAN0_MC5[4]_B,0xFFFFE44B
HCAN0_MC5[5]_B,0xFFFFE44C
HCAN0_MC5[6]_B,0xFFFFE44D
HCAN0_MC5[7]_B,0xFFFFE44E
HCAN0_MC5[8]_B,0xFFFFE44F
HCAN0_MC6[1]_B,0xFFFFE450
HCAN0_MC6[2]_B,0xFFFFE451
HCAN0_MC6[3]_B,0xFFFFE452
HCAN0_MC6[4]_B,0xFFFFE453
HCAN0_MC6[5]_B,0xFFFFE454
HCAN0_MC6[6]_B,0xFFFFE455
HCAN0_MC6[7]_B,0xFFFFE456
HCAN0_MC6[8]_B,0xFFFFE457
HCAN0_MC7[1]_B,0xFFFFE458
HCAN0_MC7[2]_B,0xFFFFE459
HCAN0_MC7[3]_B,0xFFFFE45A
HCAN0_MC7[4]_B,0xFFFFE45B
HCAN0_MC7[5]_B,0xFFFFE45C
HCAN0_MC7[6]_B,0xFFFFE45D
HCAN0_MC7[7]_B,0xFFFFE45E
HCAN0_MC7[8]_B,0xFFFFE45F
HCAN0_MC8[1]_B,0xFFFFE460
HCAN0_MC8[2]_B,0xFFFFE461
HCAN0_MC8[3]_B,0xFFFFE462
HCAN0_MC8[4]_B,0xFFFFE463
HCAN0_MC8[5]_B,0xFFFFE464
HCAN0_MC8[6]_B,0xFFFFE465
HCAN0_MC8[7]_B,0xFFFFE466
HCAN0_MC8[8]_B,0xFFFFE467
HCAN0_MC9[1]_B,0xFFFFE468
HCAN0_MC9[2]_B,0xFFFFE469
HCAN0_MC9[3]_B,0xFFFFE46A
HCAN0_MC9[4]_B,0xFFFFE46B
HCAN0_MC9[5]_B,0xFFFFE46C
HCAN0_MC9[6]_B,0xFFFFE46D
HCAN0_MC9[7]_B,0xFFFFE46E
HCAN0_MC9[8]_B,0xFFFFE46F
HCAN0_MC10[1]_B,0xFFFFE470
HCAN0_MC10[2]_B,0xFFFFE471
HCAN0_MC10[3]_B,0xFFFFE472
HCAN0_MC10[4]_B,0xFFFFE473
HCAN0_MC10[5]_B,0xFFFFE474
HCAN0_MC10[6]_B,0xFFFFE475
HCAN0_MC10[7]_B,0xFFFFE476
HCAN0_MC10[8]_B,0xFFFFE477
HCAN0_MC11[1]_B,0xFFFFE478
HCAN0_MC11[2]_B,0xFFFFE479
HCAN0_MC11[3]_B,0xFFFFE47A
HCAN0_MC11[4]_B,0xFFFFE47B
HCAN0_MC11[5]_B,0xFFFFE47C
HCAN0_MC11[6]_B,0xFFFFE47D
HCAN0_MC11[7]_B,0xFFFFE47E
HCAN0_MC11[8]_B,0xFFFFE47F
HCAN0_MC12[1]_B,0xFFFFE480
HCAN0_MC12[2]_B,0xFFFFE481
HCAN0_MC12[3]_B,0xFFFFE482
HCAN0_MC12[4]_B,0xFFFFE483
HCAN0_MC12[5]_B,0xFFFFE484
HCAN0_MC12[6]_B,0xFFFFE485
HCAN0_MC12[7]_B,0xFFFFE486
HCAN0_MC12[8]_B,0xFFFFE487
HCAN0_MC13[1]_B,0xFFFFE488
HCAN0_MC13[2]_B,0xFFFFE489
HCAN0_MC13[3]_B,0xFFFFE48A
HCAN0_MC13[4]_B,0xFFFFE48B
HCAN0_MC13[5]_B,0xFFFFE48C
HCAN0_MC13[6]_B,0xFFFFE48D
HCAN0_MC13[7]_B,0xFFFFE48E
HCAN0_MC13[8]_B,0xFFFFE48F
HCAN0_MC14[1]_B,0xFFFFE490
HCAN0_MC14[2]_B,0xFFFFE491
HCAN0_MC14[3]_B,0xFFFFE492
HCAN0_MC14[4]_B,0xFFFFE493
HCAN0_MC14[5]_B,0xFFFFE494
HCAN0_MC14[6]_B,0xFFFFE495
HCAN0_MC14[7]_B,0xFFFFE496
HCAN0_MC14[8]_B,0xFFFFE497
HCAN0_MC15[1]_B,0xFFFFE498
HCAN0_MC15[2]_B,0xFFFFE499
HCAN0_MC15[3]_B,0xFFFFE49A
HCAN0_MC15[4]_B,0xFFFFE49B
HCAN0_MC15[5]_B,0xFFFFE49C
HCAN0_MC15[6]_B,0xFFFFE49D
HCAN0_MC15[7]_B,0xFFFFE49E
HCAN0_MC15[8]_B,0xFFFFE49F
HCAN0_MD0[1]_B,0xFFFFE4B0
HCAN0_MD0[2]_B,0xFFFFE4B1
HCAN0_MD0[3]_B,0xFFFFE4B2
HCAN0_MD0[4]_B,0xFFFFE4B3
HCAN0_MD0[5]_B,0xFFFFE4B4
HCAN0_MD0[6]_B,0xFFFFE4B5
HCAN0_MD0[7]_B,0xFFFFE4B6
HCAN0_MD0[8]_B,0xFFFFE4B7
HCAN0_MD1[1]_B,0xFFFFE4B8
HCAN0_MD1[2]_B,0xFFFFE4B9
HCAN0_MD1[3]_B,0xFFFFE4BA
HCAN0_MD1[4]_B,0xFFFFE4BB
HCAN0_MD1[5]_B,0xFFFFE4BC
HCAN0_MD1[6]_B,0xFFFFE4BD
HCAN0_MD1[7]_B,0xFFFFE4BE
HCAN0_MD1[8]_B,0xFFFFE4BF
HCAN0_MD2[1]_B,0xFFFFE4C0
HCAN0_MD2[2]_B,0xFFFFE4C1
HCAN0_MD2[3]_B,0xFFFFE4C2
HCAN0_MD2[4]_B,0xFFFFE4C3
HCAN0_MD2[5]_B,0xFFFFE4C4
HCAN0_MD2[6]_B,0xFFFFE4C5
HCAN0_MD2[7]_B,0xFFFFE4C6
HCAN0_MD2[8]_B,0xFFFFE4C7
HCAN0_MD3[1]_B,0xFFFFE4C8
HCAN0_MD3[2]_B,0xFFFFE4C9
HCAN0_MD3[3]_B,0xFFFFE4CA
HCAN0_MD3[4]_B,0xFFFFE4CB
HCAN0_MD3[5]_B,0xFFFFE4CC
HCAN0_MD3[6]_B,0xFFFFE4CD
HCAN0_MD3[7]_B,0xFFFFE4CE
HCAN0_MD3[8]_B,0xFFFFE4CF
HCAN0_MD4[1]_B,0xFFFFE4D0
HCAN0_MD4[2]_B,0xFFFFE4D1
HCAN0_MD4[3]_B,0xFFFFE4D2
HCAN0_MD4[4]_B,0xFFFFE4D3
HCAN0_MD4[5]_B,0xFFFFE4D4
HCAN0_MD4[6]_B,0xFFFFE4D5
HCAN0_MD4[7]_B,0xFFFFE4D6
HCAN0_MD4[8]_B,0xFFFFE4D7
HCAN0_MD5[1]_B,0xFFFFE4D8
HCAN0_MD5[2]_B,0xFFFFE4D9
HCAN0_MD5[3]_B,0xFFFFE4DA
HCAN0_MD5[4]_B,0xFFFFE4DB
HCAN0_MD5[5]_B,0xFFFFE4DC
HCAN0_MD5[6]_B,0xFFFFE4DD
HCAN0_MD5[7]_B,0xFFFFE4DE
HCAN0_MD5[8]_B,0xFFFFE4DF
HCAN0_MD6[1]_B,0xFFFFE4E0
HCAN0_MD6[2]_B,0xFFFFE4E1
HCAN0_MD6[3]_B,0xFFFFE4E2
HCAN0_MD6[4]_B,0xFFFFE4E3
HCAN0_MD6[5]_B,0xFFFFE4E4
HCAN0_MD6[6]_B,0xFFFFE4E5
HCAN0_MD6[7]_B,0xFFFFE4E6
HCAN0_MD6[8]_B,0xFFFFE4E7
HCAN0_MD7[1]_B,0xFFFFE4E8
HCAN0_MD7[2]_B,0xFFFFE4E9
HCAN0_MD7[3]_B,0xFFFFE4EA
HCAN0_MD7[4]_B,0xFFFFE4EB
HCAN0_MD7[5]_B,0xFFFFE4EC
HCAN0_MD7[6]_B,0xFFFFE4ED
HCAN0_MD7[7]_B,0xFFFFE4EE
HCAN0_MD7[8]_B,0xFFFFE4EF
HCAN0_MD8[1]_B,0xFFFFE4F0
HCAN0_MD8[2]_B,0xFFFFE4F1
HCAN0_MD8[3]_B,0xFFFFE4F2
HCAN0_MD8[4]_B,0xFFFFE4F3
HCAN0_MD8[5]_B,0xFFFFE4F4
HCAN0_MD8[6]_B,0xFFFFE4F5
HCAN0_MD8[7]_B,0xFFFFE4F6
HCAN0_MD8[8]_B,0xFFFFE4F7
HCAN0_MD9[1]_B,0xFFFFE4F8
HCAN0_MD9[2]_B,0xFFFFE4F9
HCAN0_MD9[3]_B,0xFFFFE4FA
HCAN0_MD9[4]_B,0xFFFFE4FB
HCAN0_MD9[5]_B,0xFFFFE4FC
HCAN0_MD9[6]_B,0xFFFFE4FD
HCAN0_MD9[7]_B,0xFFFFE4FE
HCAN0_MD9[8]_B,0xFFFFE4FF
HCAN0_MD10[1]_B,0xFFFFE500
HCAN0_MD10[2]_B,0xFFFFE501
HCAN0_MD10[3]_B,0xFFFFE502
HCAN0_MD10[4]_B,0xFFFFE503
HCAN0_MD10[5]_B,0xFFFFE504
HCAN0_MD10[6]_B,0xFFFFE505
HCAN0_MD10[7]_B,0xFFFFE506
HCAN0_MD10[8]_B,0xFFFFE507
HCAN0_MD11[1]_B,0xFFFFE508
HCAN0_MD11[2]_B,0xFFFFE509
HCAN0_MD11[3]_B,0xFFFFE50A
HCAN0_MD11[4]_B,0xFFFFE50B
HCAN0_MD11[5]_B,0xFFFFE50C
HCAN0_MD11[6]_B,0xFFFFE50D
HCAN0_MD11[7]_B,0xFFFFE50E
HCAN0_MD11[8]_B,0xFFFFE50F
HCAN0_MD12[1]_B,0xFFFFE510
HCAN0_MD12[2]_B,0xFFFFE511
HCAN0_MD12[3]_B,0xFFFFE512
HCAN0_MD12[4]_B,0xFFFFE513
HCAN0_MD12[5]_B,0xFFFFE514
HCAN0_MD12[6]_B,0xFFFFE515
HCAN0_MD12[7]_B,0xFFFFE516
HCAN0_MD12[8]_B,0xFFFFE517
HCAN0_MD13[1]_B,0xFFFFE518
HCAN0_MD13[2]_B,0xFFFFE519
HCAN0_MD13[3]_B,0xFFFFE51A
HCAN0_MD13[4]_B,0xFFFFE51B
HCAN0_MD13[5]_B,0xFFFFE51C
HCAN0_MD13[6]_B,0xFFFFE51D
HCAN0_MD13[7]_B,0xFFFFE51E
HCAN0_MD13[8]_B,0xFFFFE51F
HCAN0_MD14[1]_B,0xFFFFE520
HCAN0_MD14[2]_B,0xFFFFE521
HCAN0_MD14[3]_B,0xFFFFE522
HCAN0_MD14[4]_B,0xFFFFE523
HCAN0_MD14[5]_B,0xFFFFE524
HCAN0_MD14[6]_B,0xFFFFE525
HCAN0_MD14[7]_B,0xFFFFE526
HCAN0_MD14[8]_B,0xFFFFE527
HCAN0_MD15[1]_B,0xFFFFE528
HCAN0_MD15[2]_B,0xFFFFE529
HCAN0_MD15[3]_B,0xFFFFE52A
HCAN0_MD15[4]_B,0xFFFFE52B
HCAN0_MD15[5]_B,0xFFFFE52C
HCAN0_MD15[6]_B,0xFFFFE52D
HCAN0_MD15[7]_B,0xFFFFE52E
HCAN0_MD15[8]_B,0xFFFFE52F
FLASH_FLMCR1_B,0xFFFFE800
FLASH_FLMCR2_B,0xFFFFE801
FLASH_EBR1_B,0xFFFFE802
FLASH_EBR2_B,0xFFFFE803
UBC_UBARH_W,0xFFFFEC00
UBC_UBARL_W,0xFFFFEC02
UBC_UBAMRH_W,0xFFFFEC04
UBC_UBAMRL_W,0xFFFFEC06
UBC_UBBR_W,0xFFFFEC08
UBC_UBCR_W,0xFFFFEC0A
WDT_TCSR[RW]_B,0xFFFFEC10
WDT_TCNT_B,0xFFFFEC11
WDT_RSTCSR[W]_B,0xFFFFEC12
WDT_RSTCSR[R]_B,0xFFFFEC13
SBYCR_B,0xFFFFEC14
BSC_BCR1_W,0xFFFFEC20
BSC_BCR2_W,0xFFFFEC22
BSC_WCR_W,0xFFFFEC24
BSC_RAMER_W,0xFFFFEC26
DMAC_DMAOR_W,0xFFFFECB0
DMAC_SAR0_L,0xFFFFECC0
DMAC_DAR0_L,0xFFFFECC4
DMAC_DMATCR0_L,0xFFFFECC8
DMAC_CHCR0_L,0xFFFFECCC
DMAC_SAR1_L,0xFFFFECD0
DMAC_DAR1_L,0xFFFFECD4
DMAC_DMATCR1_L,0xFFFFECD8
DMAC_CHCR1_L,0xFFFFECDC
DMAC_SAR2_L,0xFFFFECE0
DMAC_DAR2_L,0xFFFFECE4
DMAC_DMATCR2_L,0xFFFFECE8
DMAC_CHCR2_L,0xFFFFECEC
DMAC_SAR3_L,0xFFFFECF0
DMAC_DAR3_L,0xFFFFECF4
DMAC_DMATCR3_L,0xFFFFECF8
DMAC_CHCR3_L,0xFFFFECFC
IPRA_W,0xFFFFED00
IPRC_W,0xFFFFED04
IPRD_W,0xFFFFED06
IPRE_W,0xFFFFED08
IPRF_W,0xFFFFED0A
IPRG_W,0xFFFFED0C
IPRH_W,0xFFFFED0E
IPRI_W,0xFFFFED10
IPRJ_W,0xFFFFED12
IPRK_W,0xFFFFED14
IPRL_W,0xFFFFED16
ICR_W,0xFFFFED18
ISR_W,0xFFFFED1A
SCI_SMR0_B,0xFFFFF000
SCI_BRR0_B,0xFFFFF001
SCI_SCR0_B,0xFFFFF002
SCI_TDR0_B,0xFFFFF003
SCI_SSR0_B,0xFFFFF004
SCI_RDR0_B,0xFFFFF005
SCI_SDCR0_B,0xFFFFF006
SCI_SMR1_B,0xFFFFF008
SCI_BRR1_B,0xFFFFF009
SCI_SCR1_B,0xFFFFF00A
SCI_TDR1_B,0xFFFFF00B
SCI_SSR1_B,0xFFFFF00C
SCI_RDR1_B,0xFFFFF00D
SCI_SDCR1_B,0xFFFFF00E
SCI_SMR2_B,0xFFFFF010
SCI_BRR2_B,0xFFFFF011
SCI_SCR2_B,0xFFFFF012
SCI_TDR2_B,0xFFFFF013
SCI_SSR2_B,0xFFFFF014
SCI_RDR2_B,0xFFFFF015
SCI_SDCR2_B,0xFFFFF016
SCI_SMR3_B,0xFFFFF018
SCI_BRR3_B,0xFFFFF019
SCI_SCR3_B,0xFFFFF01A
SCI_TDR3_B,0xFFFFF01B
SCI_SSR3_B,0xFFFFF01C
SCI_RDR3_B,0xFFFFF01D
SCI_SDCR3_B,0xFFFFF01E
SCI_SMR4_B,0xFFFFF020
SCI_BRR4_B,0xFFFFF021
SCI_SCR4_B,0xFFFFF022
SCI_TDR4_B,0xFFFFF023
SCI_SSR4_B,0xFFFFF024
SCI_RDR4_B,0xFFFFF025
SCI_SDCR4_B,0xFFFFF026
ATUII_TSTR2_B,0xFFFFF400
ATUII_TSTR1_B,0xFFFFF401
ATUII_TSTR3_B,0xFFFFF402
ATUII_PSCR1_B,0xFFFFF404
ATUII_PSCR2_B,0xFFFFF406
ATUII_PSCR3_B,0xFFFFF408
ATUII_PSCR4_B,0xFFFFF40A
ATUII_ICR0DH_W,0xFFFFF420
ATUII_ICR0DL_W,0xFFFFF422
ATUII_ITVRR1_B,0xFFFFF424
ATUII_ITVRR2A_B,0xFFFFF426
ATUII_ITVRR2B_B,0xFFFFF428
ATUII_TIOR0_B,0xFFFFF42A
ATUII_TSR0_W,0xFFFFF42C
ATUII_TIER0_W,0xFFFFF42E
ATUII_TCNT0H_W,0xFFFFF430
ATUII_TCNT0L_W,0xFFFFF432
ATUII_ICR0AH_W,0xFFFFF434
ATUII_ICR0AL_W,0xFFFFF436
ATUII_ICR0BH_W,0xFFFFF438
ATUII_ICR0BL_W,0xFFFFF43A
ATUII_ICR0CH_W,0xFFFFF43C
ATUII_ICR0CL_W,0xFFFFF43E
ATUII_TCNT1A_W,0xFFFFF440
ATUII_TCNT1B_W,0xFFFFF442
ATUII_GR1A_W,0xFFFFF444
ATUII_GR1B_W,0xFFFFF446
ATUII_GR1C_W,0xFFFFF448
ATUII_GR1D_W,0xFFFFF44A
ATUII_GR1E_W,0xFFFFF44C
ATUII_GR1F_W,0xFFFFF44E
ATUII_GR1G_W,0xFFFFF450
ATUII_GR1H_W,0xFFFFF452
ATUII_OCR1_W,0xFFFFF454
ATUII_OSBR1_W,0xFFFFF456
ATUII_TIOR1B_B,0xFFFFF458
ATUII_TIOR1A_B,0xFFFFF459
ATUII_TIOR1D_B,0xFFFFF45A
ATUII_TIOR1C_B,0xFFFFF45B
ATUII_TCR1B_B,0xFFFFF45C
ATUII_TCR1A_B,0xFFFFF45D
ATUII_TSR1A_W,0xFFFFF45E
ATUII_TSR1B_W,0xFFFFF460
ATUII_TIER1A_W,0xFFFFF462
ATUII_TIER1B_W,0xFFFFF464
ATUII_TRGMDR_B,0xFFFFF466
ATUII_TSR3_W,0xFFFFF480
ATUII_TIER3_W,0xFFFFF482
ATUII_TMDR_B,0xFFFFF484
ATUII_TCNT3_W,0xFFFFF4A0
ATUII_TGR3A_W,0xFFFFF4A2
ATUII_GR3B_W,0xFFFFF4A4
ATUII_GR3C_W,0xFFFFF4A6
ATUII_GR3D_W,0xFFFFF4A8
ATUII_TIOR3B_B,0xFFFFF4AA
ATUII_TIOR3A_B,0xFFFFF4AB
ATUII_TCR3_B,0xFFFFF4AC
ATUII_TCNT4_W,0xFFFFF4C0
ATUII_GR4A_W,0xFFFFF4C2
ATUII_GR4B_W,0xFFFFF4C4
ATUII_GR4C_W,0xFFFFF4C6
ATUII_GR4D_W,0xFFFFF4C8
ATUII_TIOR4B_B,0xFFFFF4CA
ATUII_TIOR4A_B,0xFFFFF4CB
ATUII_TCR4_W,0xFFFFF4CC
ATUII_TCNT5_W,0xFFFFF4E0
ATUII_GR5A_W,0xFFFFF4E2
ATUII_GR5B_W,0xFFFFF4E4
ATUII_GR5C_W,0xFFFFF4E6
ATUII_GR5D_W,0xFFFFF4E8
ATUII_TIOR5B_B,0xFFFFF4EA
ATUII_TIOR5A_B,0xFFFFF4EB
ATUII_TCR5_W,0xFFFFF4EC
ATUII_TCNT6A_W,0xFFFFF500
ATUII_TCNT6B_W,0xFFFFF502
ATUII_TCNT6C_W,0xFFFFF504
ATUII_TCNT6D_W,0xFFFFF506
ATUII_CYLR6A_W,0xFFFFF508
ATUII_CYLR6B_W,0xFFFFF50A
ATUII_CYLR6C_W,0xFFFFF50C
ATUII_CYLR6D_W,0xFFFFF50E
ATUII_BFR6A_W,0xFFFFF510
ATUII_BFR6B_W,0xFFFFF512
ATUII_BFR6C_W,0xFFFFF514
ATUII_BFR6D_W,0xFFFFF516
ATUII_DTR6A_W,0xFFFFF518
ATUII_DTR6B_W,0xFFFFF51A
ATUII_DTR6C_W,0xFFFFF51C
ATUII_DTR6D_W,0xFFFFF51E
ATUII_TCR6B_B,0xFFFFF520
ATUII_TCR6A_B,0xFFFFF521
ATUII_TSR6_W,0xFFFFF522
ATUII_TIER6_W,0xFFFFF524
ATUII_PMDR6_B,0xFFFFF526
ATUII_TCNT7A_W,0xFFFFF580
ATUII_TCNT7B_W,0xFFFFF582
ATUII_TCNT7C_W,0xFFFFF584
ATUII_TCNT7D_W,0xFFFFF586
ATUII_CYLR7A_W,0xFFFFF588
ATUII_CYLR7B_W,0xFFFFF58A
ATUII_CYLR7C_W,0xFFFFF58C
ATUII_CYLR7D_W,0xFFFFF58E
ATUII_BFR7A_W,0xFFFFF590
ATUII_BFR7B_W,0xFFFFF592
ATUII_BFR7C_W,0xFFFFF594
ATUII_BFR7D_W,0xFFFFF596
ATUII_DTR7A_W,0xFFFFF598
ATUII_DTR7B_W,0xFFFFF59A
ATUII_DTR7C_W,0xFFFFF59C
ATUII_DTR7D_W,0xFFFFF59E
ATUII_TCR7B_B,0xFFFFF5A0
ATUII_TCR7A_B,0xFFFFF5A1
ATUII_TSR7_W,0xFFFFF5A2
ATUII_TIER7_W,0xFFFFF5A4
ATUII_TCNT11_W,0xFFFFF5C0
ATUII_GR11A_W,0xFFFFF5C2
ATUII_GR11B_W,0xFFFFF5C4
ATUII_TIOR11_B,0xFFFFF5C6
ATUII_TCR11_B,0xFFFFF5C8
ATUII_TSR11_W,0xFFFFF5CA
ATUII_TIER11_W,0xFFFFF5CC
ATUII_TCNT2A_W,0xFFFFF600
ATUII_TCNT2B_W,0xFFFFF602
ATUII_GR2A_W,0xFFFFF604
ATUII_GR2B_W,0xFFFFF606
ATUII_GR2C_W,0xFFFFF608
ATUII_GR2D_W,0xFFFFF60A
ATUII_GR2E_W,0xFFFFF60C
ATUII_GR2F_W,0xFFFFF60E
ATUII_GR2G_W,0xFFFFF610
ATUII_GR2H_W,0xFFFFF612
ATUII_OCR2A_W,0xFFFFF614
ATUII_OCR2B_W,0xFFFFF616
ATUII_OCR2C_W,0xFFFFF618
ATUII_OCR2D_W,0xFFFFF61A
ATUII_OCR2E_W,0xFFFFF61C
ATUII_OCR2F_W,0xFFFFF61E
ATUII_OCR2G_W,0xFFFFF620
ATUII_OCR2H_W,0xFFFFF622
ATUII_OSBR2_W,0xFFFFF624
ATUII_TIOR2B_B,0xFFFFF626
ATUII_TIOR2A_B,0xFFFFF627
ATUII_TIOR2D_B,0xFFFFF628
ATUII_TIOR2C_B,0xFFFFF629
ATUII_TCR2B_B,0xFFFFF62A
ATUII_TCR2A_B,0xFFFFF62B
ATUII_TSR2A_W,0xFFFFF62C
ATUII_TSR2B_W,0xFFFFF62E
ATUII_TIER2A_W,0xFFFFF630
ATUII_TIER2B_W,0xFFFFF632
ATUII_DCNT8A_W,0xFFFFF640
ATUII_DNCT8B_W,0xFFFFF642
ATUII_DNCT8C_W,0xFFFFF644
ATUII_DCNT8D_W,0xFFFFF646
ATUII_DCNT8E_W,0xFFFFF648
ATUII_DCNT8F_W,0xFFFFF64A
ATUII_DCNT8G_W,0xFFFFF64C
ATUII_DCNT8H_W,0xFFFFF64E
ATUII_DCNT8I_W,0xFFFFF650
ATUII_DCNT8J_W,0xFFFFF652
ATUII_DCNT8K_W,0xFFFFF654
ATUII_DCNT8L_W,0xFFFFF656
ATUII_DCNT8M_W,0xFFFFF658
ATUII_DCNT8N_W,0xFFFFF65A
ATUII_DCNT8O_W,0xFFFFF65C
ATUII_DCNT8P_W,0xFFFFF65E
ATUII_RLDR8_W,0xFFFFF660
ATUII_TCNR_W,0xFFFFF662
ATUII_OTR_W,0xFFFFF664
ATUII_DSTR_W,0xFFFFF666
ATUII_TCR8_B,0xFFFFF668
ATUII_TSR8_W,0xFFFFF66A
ATUII_TIER8_W,0xFFFFF66C
ATUII_RLDENR_B,0xFFFFF66E
ATUII_ECNT9A_B,0xFFFFF680
ATUII_ECNT9B_B,0xFFFFF682
ATUII_ECNT9C_B,0xFFFFF684
ATUII_ECNT9D_B,0xFFFFF686
ATUII_ECNT9E_B,0xFFFFF688
ATUII_ECNT9F_B,0xFFFFF68A
ATUII_GR9A_B,0xFFFFF68C
ATUII_GR9B_B,0xFFFFF68E
ATUII_GR9C_B,0xFFFFF690
ATUII_GR9D_B,0xFFFFF692
ATUII_GR9E_B,0xFFFFF694
ATUII_GR9F_B,0xFFFFF696
ATUII_TCR9A_B,0xFFFFF698
ATUII_TCR9B_B,0xFFFFF69A
ATUII_TCR9C_B,0xFFFFF69C
ATUII_TSR9_W,0xFFFFF69E
ATUII_TIER9_W,0xFFFFF6A0
ATUII_TCNT10AH_W,0xFFFFF6C0
ATUII_TCNT10AL_W,0xFFFFF6C2
ATUII_TCNT10B_B,0xFFFFF6C4
ATUII_TCNT10C_W,0xFFFFF6C6
ATUII_TCNT10D_B,0xFFFFF6C8
ATUII_TCNT10E_W,0xFFFFF6CA
ATUII_TCNT10F_W,0xFFFFF6CC
ATUII_TCNT10G_W,0xFFFFF6CE
ATUII_ICR10AH_W,0xFFFFF6D0
ATUII_ICR10AL_W,0xFFFFF6D2
ATUII_OCR10AH_W,0xFFFFF6D4
ATUII_OCR10AL_W,0xFFFFF6D6
ATUII_OCR10B_B,0xFFFFF6D8
ATUII_RLD10C_W,0xFFFFF6DA
ATUII_GR10G_W,0xFFFFF6DC
ATUII_TCNT10H_B,0xFFFFF6DE
ATUII_NCR10_B,0xFFFFF6E0
ATUII_TIOR10_B,0xFFFFF6E2
ATUII_TCR10_B,0xFFFFF6E4
ATUII_TCCLR10_W,0xFFFFF6E6
ATUII_TSR10_W,0xFFFFF6E8
ATUII_TIER10_W,0xFFFFF6EA
APC_POPCR_W,0xFFFFF700
SYSCR_B,0xFFFFF708
MSTCR_[W]_W,0xFFFFF70A
MSTCR_[R]_B,0xFFFFF70B
CMSTR_W,0xFFFFF710
CMCSR0_W,0xFFFFF712
CMCNT0_W,0xFFFFF714
CMCOR0_W,0xFFFFF716
CMCSR1_W,0xFFFFF718
CMCNT1_W,0xFFFFF71A
CMCOR1_W,0xFFFFF71C
PAIOR_W,0xFFFFF720
PACRH_W,0xFFFFF722
PACRL_W,0xFFFFF724
PADR_W,0xFFFFF726
PHIOR_W,0xFFFFF728
PHCR_W,0xFFFFF72A
PHDR_W,0xFFFFF72C
PBIOR_W,0xFFFFF730
PBCRH_W,0xFFFFF732
PBCRL_W,0xFFFFF734
PBIR_W,0xFFFFF736
PBDR_W,0xFFFFF738
PCIOR_W,0xFFFFF73A
PCCR_W,0xFFFFF73C
PCDR_W,0xFFFFF73E
PDIOR_W,0xFFFFF740
PDCRH_W,0xFFFFF742
PDCRL_W,0xFFFFF744
PDDR_W,0xFFFFF746
PFIOR_W,0xFFFFF748
PFCRH_W,0xFFFFF74A
PFCRL_W,0xFFFFF74C
PFDR_W,0xFFFFF74E
PEIOR_W,0xFFFFF750
PECR_W,0xFFFFF752
PEDR_W,0xFFFFF754
PLCRH_W,0xFFFFF758
PLCRL_W,0xFFFFF75A
PLIR_W,0xFFFFF75C
PGIOR_W,0xFFFFF760
PGCR_W,0xFFFFF762
PGDR_W,0xFFFFF764
PJIOR_W,0xFFFFF766
PJCRH_W,0xFFFFF768
PJCRL_W,0xFFFFF76A
PJDR_W,0xFFFFF76C
PKIOR_W,0xFFFFF770
PKCRH_W,0xFFFFF772
PKCRL_W,0xFFFFF774
PKIR_W,0xFFFFF776
PKDR_W,0xFFFFF778
PAPR_W,0xFFFFF780
PBPR_W,0xFFFFF782
PDPR_W,0xFFFFF784
PJPR_W,0xFFFFF786
PLPR_W,0xFFFFF788
HUDI_SDIR_W,0xFFFFF7C0
HUDI_SDSR_W,0xFFFFF7C2
HUDI_SDDRH_W,0xFFFFF7C4
HUDI_SDDRL_W,0xFFFFF7C6
ADDR0H_B,0xFFFFF800
ADDR0L_B,0xFFFFF801
ADDR1H_B,0xFFFFF802
ADDR1L_B,0xFFFFF803
ADDR2H_B,0xFFFFF804
ADDR2L_B,0xFFFFF805
ADDR3H_B,0xFFFFF806
ADDR3L_B,0xFFFFF807
ADDR4H_B,0xFFFFF808
ADDR4L_B,0xFFFFF809
ADDR5H_B,0xFFFFF80A
ADDR5L_B,0xFFFFF80B
ADDR6H_B,0xFFFFF80C
ADDR6L_B,0xFFFFF80D
ADDR7H_B,0xFFFFF80E
ADDR7L_B,0xFFFFF80F
ADDR8H_B,0xFFFFF810
ADDR8L_B,0xFFFFF811
ADDR9H_B,0xFFFFF812
ADDR9L_B,0xFFFFF813
ADDR10H_B,0xFFFFF814
ADDR10L_B,0xFFFFF815
ADDR11H_B,0xFFFFF816
ADDR11L_B,0xFFFFF817
ADDR12H_B,0xFFFFF820
ADDR12L_B,0xFFFFF821
ADDR13H_B,0xFFFFF822
ADDR13L_B,0xFFFFF823
ADDR14H_B,0xFFFFF824
ADDR14L_B,0xFFFFF825
ADDR15H_B,0xFFFFF826
ADDR15L_B,0xFFFFF827
ADTRGR1_B,0xFFFFF72E
ADTRG0_B,0xFFFFF76E
ADCSR0_B,0xFFFFF818
ADCR0_B,0xFFFFF819
ADCSR1_B,0xFFFFF838
ADCR1_B,0xFFFFF839
